{
    "train_loss": [
        1.6327701862576947,
        0.6833333390203502,
        0.6219465634964069,
        0.5828133203634401,
        0.5501662548306927,
        0.504799342944647,
        0.5103285670384298,
        0.4897016241160004,
        0.47484219930936233,
        0.4565302799958801,
        0.445159639890601,
        0.4435029574231819,
        0.42956858468388015,
        0.417102000984373,
        0.40795815556929915,
        0.40930681984599043,
        0.3934030557758717,
        0.377207033881327,
        0.38520301700624854,
        0.35917520774885336,
        0.3460630138992017,
        0.36933249178040733,
        0.3439404370996595,
        0.3656662239300457,
        0.34122974280177093,
        0.34126696639567716,
        0.35672893850230175,
        0.3312630239056378,
        0.32816969538399565,
        0.3343660878309597,
        0.33090414718208827,
        0.3302966945055055,
        0.29934598842979726,
        0.2971261500377688,
        0.30191182228330954,
        0.2992834362366889,
        0.28812408512166154,
        0.2841020715958358,
        0.29377846576870525,
        0.27408134975577686,
        0.2821704601343293,
        0.29437508449633365,
        0.2932426345109524,
        0.2851239914652155,
        0.25522049513843414,
        0.26992182410241006,
        0.26717928258332224,
        0.26970822663932315,
        0.26561700525443727,
        0.2678246714745872
    ],
    "val_loss": [
        0.6072372322281202,
        0.5035573302043809,
        0.4968279062045945,
        0.46610968394411934,
        0.465378761705425,
        0.47654393232531017,
        0.4096555082748334,
        0.3807465549972322,
        0.3602426043815083,
        0.3631864340148038,
        0.345879796685444,
        0.3564432154720028,
        0.34293457824322915,
        0.33665145757711595,
        0.38829759498023325,
        0.3062812499701977,
        0.3319953167811036,
        0.36590088583115077,
        0.34976531099528074,
        0.2786292407868637,
        0.32294149541606504,
        0.2822253165973557,
        0.2938557307546337,
        0.35791164150254595,
        0.29488404653966427,
        0.27352964924648404,
        0.3162117102700803,
        0.288081756586002,
        0.2792986593105727,
        0.28888032228375476,
        0.3138727340847254,
        0.2811386764773892,
        0.29837407637387514,
        0.2715095212786562,
        0.278215857119196,
        0.2784332449858387,
        0.28043371633005637,
        0.2543942588898871,
        0.2716908003203571,
        0.2721484729813205,
        0.27552872078700197,
        0.2597764529701736,
        0.2646491474265026,
        0.2746337450419863,
        0.26485915223343504,
        0.2662431120665537,
        0.24539248422823018,
        0.25388023474564153,
        0.23980437120836642,
        0.2753361599623329
    ],
    "train_f1": [
        0.3530312609542548,
        0.3993608808660325,
        0.4539307096994681,
        0.4752756844206465,
        0.5179433709368196,
        0.535309328027602,
        0.5506740469143939,
        0.550064829170342,
        0.578462048422154,
        0.6014804698161516,
        0.5812085620654033,
        0.5979349642577829,
        0.6030036385678836,
        0.62320489055217,
        0.6189322779859516,
        0.6250442832134805,
        0.625334677003661,
        0.6379238213367555,
        0.6436415585436418,
        0.6444966825069711,
        0.6504167786224311,
        0.6310295715103749,
        0.6630981984155191,
        0.6561270864355436,
        0.6569921690406275,
        0.6553747471287868,
        0.6552492588520843,
        0.6643547748501993,
        0.6746893173815781,
        0.6735875206839987,
        0.6727909426088333,
        0.6648721443569814,
        0.6956961675865194,
        0.6895007703381174,
        0.6805130933585878,
        0.7090010299017215,
        0.692123380199144,
        0.690185235511301,
        0.6909139326038217,
        0.7132408855484711,
        0.7017940544639825,
        0.6977658263224102,
        0.6801038319133237,
        0.701471246908728,
        0.7217425530233424,
        0.7168718800753563,
        0.7082707270413318,
        0.7135438567141047,
        0.7012132663599593,
        0.7169104914698043
    ],
    "val_f1": [
        0.39265679436886214,
        0.5258267174155025,
        0.5368744244112261,
        0.5787952272884647,
        0.5659628802445288,
        0.569314165366797,
        0.602637917498696,
        0.6440876258609959,
        0.6623582741315026,
        0.6614315140210376,
        0.6750881269405969,
        0.6314300035142728,
        0.6820001554709763,
        0.6877557566636492,
        0.6399342220728952,
        0.6865173439639168,
        0.6907105991734944,
        0.6282200395393112,
        0.6739940456507857,
        0.7081318944262628,
        0.6580881681056712,
        0.6756012518839178,
        0.6574473742502562,
        0.6486934519914496,
        0.7048361253644403,
        0.7110330996269927,
        0.6719064835837334,
        0.6936610301928154,
        0.7062671207045313,
        0.6879440070323978,
        0.6912123455774477,
        0.7191225086320517,
        0.6894280794184362,
        0.7172682485513227,
        0.7336243593976729,
        0.7132978102723266,
        0.6362131081518836,
        0.7175880908225152,
        0.7170815121882728,
        0.706301947504486,
        0.7232792359451929,
        0.7221926230833309,
        0.7107855916632908,
        0.7010818155188949,
        0.7230963442936612,
        0.7146458013834796,
        0.7282115374111264,
        0.7313038845090727,
        0.7231905230936327,
        0.7278220758868363
    ],
    "learning_rates": [
        0.001,
        0.001,
        0.001,
        0.001,
        0.001,
        0.001,
        0.001,
        0.001,
        0.001,
        0.001,
        0.001,
        0.001,
        0.001,
        0.001,
        0.001,
        0.001,
        0.001,
        0.001,
        0.001,
        0.001,
        0.001,
        0.001,
        0.001,
        0.001,
        0.001,
        0.001,
        0.001,
        0.001,
        0.001,
        0.001,
        0.001,
        0.001,
        0.0005,
        0.0005,
        0.0005,
        0.0005,
        0.0005,
        0.0005,
        0.0005,
        0.0005,
        0.0005,
        0.0005,
        0.0005,
        0.0005,
        0.00025,
        0.00025,
        0.00025,
        0.00025,
        0.00025,
        0.00025
    ],
    "best_val_f1": 0.7336243593976729,
    "best_epoch": 35,
    "class_distribution": {
        "full_dataset": {
            "Glioma": 