{
    "train_loss": [
        1.6327684321781484,
        0.6966483481877357,
        0.6293486536379891,
        0.6188033799468848,
        0.5789770074837715,
        0.5712320840421039,
        0.5615757393297003,
        0.5423148873064161,
        0.5141690768015925,
        0.5138467598044498,
        0.5120861253048901,
        0.5187714808078593,
        0.49803084841173284,
        0.4824075389406822,
        0.4787089909306802,
        0.44982847267638515,
        0.4472222888926596,
        0.4281526766847235,
        0.4210309052405042,
        0.4147884762920569
    ],
    "val_loss": [
        0.6070621084007952,
        0.6346940919756889,
        0.5257523419956366,
        0.5274488524430327,
        0.47657489507562584,
        0.4586786702275276,
        0.42592155891988015,
        0.41616556814147365,
        0.3962226913621028,
        0.3872102424502373,
        0.37035167113774353,
        0.45682395932575065,
        0.35361999169819885,
        0.390113598977526,
        0.380461058475905,
        0.34207206095258397,
        0.3135619273202287,
        0.3549034445443087,
        0.29429252073168755,
        0.30222286604758763
    ],
    "train_f1": [
        0.3530312609542548,
        0.38262800670444097,
        0.42038282627928836,
        0.45103048781660565,
        0.4954849844453685,
        0.4854738006664974,
        0.5061441068129212,
        0.4907324796972872,
        0.5208069984255026,
        0.5375750473197248,
        0.5270375050295812,
        0.5115775059096384,
        0.5302534556834647,
        0.5294485461314543,
        0.5260051467859398,
        0.5564843747642201,
        0.5758213324167574,
        0.598732117330164,
        0.609231666739476,
        0.6123053217483158
    ],
    "val_f1": [
        0.3968209462382719,
        0.3347076467469968,
        0.527726942783846,
        0.5419250962415224,
        0.580714996742203,
        0.5832679395159045,
        0.6179850207043807,
        0.6451092297961368,
        0.6262481063794585,
        0.6543606760484555,
        0.6169997505211304,
        0.505536045697566,
        0.6771160169944348,
        0.6101837169937725,
        0.6348588291515118,
        0.636114372511602,
        0.6813277000777,
        0.665247421795343,
        0.6979579150802766,
        0.6731484225049278
    ],
    "learning_rates": [
        0.001,
        0.001,
        0.001,
        0.001,
        0.001,
        0.001,
        0.001,
        0.001,
        0.001,
        0.001,
        0.001,
        0.001,
        0.001,
        0.001,
        0.001,
        0.001,
        0.001,
        0.001,
        0.001,
        0.001
    ],
    "best_val_f1": 0.6979579150802766,
    "best_epoch": 19,
    "class_distribution": {
        "full_dataset": {
            "Glioma": 